sorszam,kepzo_nev,kepzo_azonosito,AM_2023.4.,AM_2024.1.,A1A2Asum_2023.4.,A1A2Asum_2024.1.,B_2023.4.,B_2024.1.,C_2023.4.,C_2024.1.
1,0-24 AUTÓSISKOLA,8392,-,-,"122,98%",-,"159,43%","166,48%",X,X
2,18 MK Kft.,0674,X,X,X,X,"166,50%","168,77%",X,X
3,2-4 Kerék Autósiskola,9948,-,X,"151,44%",-,"206,73%","198,85%",X,X
4,"24-es számú Kft., 24-es Autósiskola",0145,X,X,X,X,"172,77%","170,69%",X,X
5,4 Kerék Autósiskola,6602,X,X,X,X,"193,10%",-,X,X
6,4-S Autósiskola,0190,X,X,X,X,"109,90%","111,36%",X,-
7,4x4 Schreiner Autósiskola,8163,-,X,-,X,-,-,X,X
8,6Pedál Next Kft.,4210,X,X,X,X,-,-,"121,25%","112,50%"
9,A Helyi Táltos Autósiskola,4093,X,X,-,X,-,-,X,X
10,ABC Autós-Motoros Iskola,0003,-,X,-,X,"157,43%","145,08%",X,X
11,Abonyi Autósiskola,4148,X,X,X,X,-,-,X,X
12,Abonyi Autósiskola2,4345,X,X,X,X,-,-,X,X
13,ABS-II. Autósiskola Kft.,0031,X,X,X,X,"106,67%","105,52%","100,00%","113,54%"
14,Áchim Autósiskola,8727,-,X,"160,29%",-,"172,15%","189,66%",X,X
15,ÁCHIM ZOLTÁN AUTÓSISKOLA,8212,X,X,-,X,-,X,X,X
16,ÁDÁM Autósiskola,3598,X,X,X,X,-,-,X,X
17,Ádám Autósiskola,4424,X,X,X,X,-,-,X,X
18,AGGOD-Autósiskola,5205,X,X,X,X,-,-,X,X
19,Ági Autósiskola,1214,X,X,X,X,-,-,X,X
20,Alba Regia Autósiskola,4212,X,X,X,X,-,-,X,X
21,ALBA-SZÖV Kft.,3341,X,X,X,X,X,X,X,X
22,Alfa Autósiskola,3657,X,X,X,X,"172,05%","169,59%",X,X
23,Alfa Autósiskola Kft.,3430,X,X,X,X,"150,34%",-,X,X
24,"Alfa Autósiskola, Inhof Ferenc",3846,X,X,X,X,"161,44%",-,X,X
25,Áncsán Autósiskola,4310,X,X,X,X,-,-,X,X
26,Andó Autósiskola,4304,X,X,X,X,"183,52%","175,25%",X,X
27,Andorkó Autósiskola,3434,-,X,-,X,"143,10%","202,87%","153,75%","156,25%"
28,Andrássy 2 Motoros és Autósiskola,3944,X,X,X,X,-,-,X,X
29,Andrássy Autósiskola,4008,-,X,-,X,-,-,"102,08%","121,88%"
30,Andrássy és Társa Kft.,3204,X,X,X,X,"131,53%",-,X,X
31,Angeli Autósiskola Kft.,4223,X,X,X,X,X,-,X,X
32,ANGYAL ZSOLT AUTÓSISKOLA,6505,X,X,-,X,-,-,"178,75%","103,13%"
33,Antal-Ka Kft.,0650,X,X,X,X,-,-,X,X
34,Apró Autósiskola,4409,X,X,X,X,X,-,X,X
35,Aranyosi Autósiskola,3558,X,X,X,X,-,-,X,X
36,ARTUMNET Kft. Autósiskola,6912,X,X,X,X,-,X,X,X
37,ArTúra Autós-Motoros Iskola Kft.,0497,X,X,X,X,X,X,X,X
38,Árvai & Gery Autósiskola,4009,X,X,X,X,"158,62%","164,66%",X,X
39,ASTRA Autósiskola,3659,X,X,-,X,"158,62%","147,89%","134,38%",-
40,ASTRA-TÓTH Autósiskola,9762,-,X,-,X,"161,72%",-,X,X
41,Ász Autósiskola,3643,X,X,X,X,-,-,X,X
42,ASZUCAR Autósiskola,8911,-,X,-,X,"226,44%","203,16%",X,X
43,Atád Autós Motoros Iskola,3626,-,X,-,X,"146,78%","127,67%","181,25%","164,06%"
44,ATI Autósiskola Parasztiné,3589,X,X,X,X,X,X,X,X
45,ATI AUTÓSISKOLÁJA,4218,X,X,X,X,-,-,X,X
46,ATI Kft Győr,3378,-,X,-,X,"150,69%","155,07%","118,75%","107,14%"
47,ATI Kft. Székesfehérvár,3340,X,X,X,X,-,-,X,X
48,ATI Mosonmagyaróvár Autósiskola,9211,X,X,X,X,X,-,X,X
49,ATI Pécs Kft.,7923,X,X,-,X,"188,31%","187,24%",-,-
50,ATI Veszprém Kft.,3799,-,X,-,-,"146,05%","139,86%","167,61%","145,14%"
51,ATI-CSÁSZÁRNÉ Autósiskola Zrt.,9943,"166,92%",X,-,X,"226,20%","196,73%","141,67%","175,00%"
52,ATI-Császárné Kft.,3291,X,X,X,X,X,X,"150,00%",X
53,ATI-GKT Kft.,0107,X,X,-,-,"191,77%","199,36%",X,X
54,"ATILOS Autósiskola, JOGSICENTRUM",0512,X,X,X,X,"173,41%","184,55%",X,X
55,ATI-NOVA Kft.,3116,-,X,-,X,"165,52%","165,52%",X,X
56,ATI-OKTATÓ Kft.,0652,X,X,X,X,-,"197,49%",X,X
57,ATI-SZARVAS Autósiskola,5109,X,X,X,X,"175,86%",-,X,X
58,Atom Autósiskola,3875,X,X,-,X,"123,24%","108,05%",-,X
59,AURUM Kft.,3838,X,X,X,X,"132,29%",-,X,X
60,AUTÓ 60 Bt,3489,X,X,-,X,"121,38%","155,42%",X,X
61,AUTOBOX AUTÓSISKOLA,7105,X,X,X,X,"142,12%","143,89%","110,42%",-
62,Autó-Fix Autós-Motoros Magániskola,3223,X,X,X,X,"112,73%",-,X,X
63,Autó-Mobil 06 Kft. Autósiskola,3833,X,X,X,X,-,-,"100,00%","102,50%"
64,Automobil-2003,3426,X,X,X,X,"166,84%",-,X,X
65,AUTOMOTIVE Bt.,3273,X,X,X,X,-,-,X,X
66,AUTO-MOTORIST 2 Bt. Autósiskola,7943,X,X,X,X,"147,24%",-,X,X
67,auto-motorjogsi,4169,-,X,"109,95%",-,-,-,X,X
68,AUTÓPLAY ATI Kft.,8702,-,X,-,X,"112,69%","117,78%","100,00%","100,00%"
69,AUTÓ-PLUSZ Driver Kft.,0109,X,X,-,X,-,-,X,X
70,Autóstréning Bt,3181,-,X,X,X,"168,62%","150,25%",X,X
71,Autó-Suli 2 Autósiskola,4195,X,X,X,X,-,X,X,X
72,AUTÓ-SULI Autósiskola,5435,X,X,X,X,-,-,X,X
73,Autósuli Szabados Péter,3877,X,X,X,X,"157,42%","151,33%","101,25%","100,00%"
74,Autótempó 95' Bt. Autósiskola,3584,X,X,X,X,-,-,X,X
75,AuTÓTh Kfc.,3351,X,X,X,X,"160,99%","152,25%",X,X
76,Autozone Autósiskola Kft.,8802,X,X,X,X,-,X,X,X
77,AvAnti Car Kft.,8742,X,X,-,X,"120,83%","119,56%",X,X
78,AVAS Bt. Autósiskola,3221,-,X,X,X,-,-,"154,17%","100,00%"
79,Az Én Oktatóm Autósiskola,4322,X,X,X,X,-,X,X,X
80,Babi Autósiskola,3336,X,X,X,X,-,-,X,X
81,Bachusz Autósiskola,0673,X,X,-,X,X,X,X,X
82,Bácska Autósiskola Kft.,3143,X,X,X,X,-,-,X,X
83,Bács-Szakma Non-profit Közhasznú Zrt.,7003,X,X,-,X,X,X,X,X
84,Bajai László Autósiskola,3916,X,X,X,X,"147,74%","141,06%",X,X
85,Bajáki Attila Mátyás,3145,X,X,-,X,"179,77%","177,92%",X,X
86,BAKSAI Autósiskola,9966,X,X,X,X,-,-,X,X
87,Bak-Ta Autósiskola,4066,X,X,X,X,-,X,X,X
88,Bal1 Autósiskola,3981,X,X,X,X,"119,24%","128,54%",X,X
89,Balaton,4416,X,X,X,X,-,"125,20%",X,X
90,Balatonfüredi Autósiskola,4194,X,X,X,X,-,-,X,X
91,BALIKÓ AUTÓSISKOLA,6411,X,X,X,X,"173,21%","201,42%",X,X
92,Bálint László Autósiskola,0120,X,X,X,X,X,X,X,X
93,Balogh Nonstop Autósiskola,3416,X,X,X,X,X,X,X,X
94,Balogh Nonstop Autósiskola,4392,X,X,X,X,-,-,X,X
95,BALOGH OKTATÓ Kft.,3252,X,X,X,X,X,-,"137,50%","116,67%"
96,Balogh Tibor Autósiskola,3905,X,X,X,X,"146,39%",-,X,X
97,Bánfi Henriett ev.,4260,X,X,X,X,X,-,X,X
98,Bánki Bt.,0378,X,X,X,X,"118,32%",-,X,X
99,Banya Autósiskola,4427,X,X,-,X,-,-,X,X
100,Barabás Autósiskola,9990,X,X,X,X,-,-,X,X
101,Barabás László magánoktató,3910,X,X,X,X,-,X,X,X
102,BARANYI Autósiskola,3495,X,X,X,X,-,-,X,X
103,Bárczi Gyula Autósiskola,3695,X,X,X,X,-,-,X,X
104,BÁRCZI Autósiskola,6508,X,X,X,X,"155,28%","156,90%",X,X
105,Bárczi2 Autós és Motoros Iskola,4159,X,X,X,X,X,X,X,X
106,Barcsa Autósiskola,3466,X,X,X,X,-,-,X,X
107,Barcsa Autósiskola Kft.,4349,X,X,X,X,X,X,X,X
108,Bartha Gyula Autósiskolája,0621,X,X,X,X,"109,72%",-,X,X
109,Bátor Frédi and Béni Autósiskola,9005,X,X,X,X,"198,97%","178,45%",X,X
110,Bázis Autósiskola,2622,X,X,X,X,"161,03%","168,62%",X,X
111,BB Kft.,0006,X,X,X,X,"118,20%","150,00%",-,-
112,BD Autósiskola,8512,-,X,-,X,"158,03%","157,86%",X,X
113,Békásmegyeri Autósiskola,5610,X,X,X,X,-,-,X,X
114,BEKE Autósiskola,9952,X,X,X,X,"148,90%",-,X,X
115,BELLATRIX Autósiskola,7667,X,X,X,X,"167,95%","165,02%",X,X
116,BeluSuli Autósiskola,9222,X,X,-,X,-,-,X,X
117,Belvárosi Autósiskola Kft,3881,X,X,X,X,"150,43%","154,35%",X,X
118,BENCZE Autósiskola,9991,X,X,X,X,-,-,X,X
119,Benkovics Autósiskola,3724,X,X,X,X,-,"117,93%",X,X
120,Béres Autósiskola KFT,8122,X,X,-,-,"108,73%","118,84%",X,X
121,Berettyó Autósiskola,3472,X,X,X,X,-,-,X,X
122,Bernhardt Autósiskola,4179,"102,67%",-,"100,00%",X,"131,80%","131,97%","100,00%","100,00%"
123,Bernhardt János Magán Autósiskola,3737,X,X,X,X,X,X,X,X
124,BERÓ Autósiskola,9998,X,X,X,X,-,X,X,X
125,BERÓ SYSTEM AUTÓSISKOLA,4440,X,X,X,X,X,-,X,X
126,BERT Bt.,3649,X,X,X,X,-,-,X,X
127,Berton Autósiskola,3414,X,X,-,X,-,-,X,X
128,BESE-ISI Autós-Motoros Iskola,9122,X,X,X,X,"108,53%","107,47%",X,X
129,Best Autósiskola Kkt.,3855,-,X,-,X,"173,92%","170,57%",X,X
130,BEST Driving Autósiskola Kft.,4145,X,X,X,X,"198,75%","201,03%",X,X
131,Bial Imre Autósiskola,3945,X,X,X,X,-,X,X,X
132,Bielik Autósiskola,3172,X,X,X,X,"197,21%","167,24%",X,X
133,BIHARI Autósiskola,7744,X,X,X,X,"156,55%","152,76%",X,X
134,Bilig Autósiskola Kft,3907,X,X,X,X,"127,72%","133,00%","100,00%","103,13%"
135,Bi-Lux Autósiskola,3248,X,X,X,X,-,-,X,X
136,Birkás Autósiskola,4245,X,X,X,X,-,"115,36%",X,X
137,BÍRÓ AUTÓSISKOLA,6009,X,X,X,X,-,-,X,X
138,Bíró Autósiskola Bíró Ferenc ev,3811,X,X,-,X,-,-,X,X
139,Bíró János,0089,X,X,X,X,-,-,X,X
140,Biztonság Autósiskola,3728,X,X,X,X,-,-,X,X
141,BIZTONSÁG-2005 Autósiskola Bt.,3295,X,X,X,X,-,-,X,X
142,Biztonság-2021 Autósiskola,4035,X,X,X,X,-,-,X,X
143,BODA Autósiskola,9008,-,X,-,X,-,"107,59%",X,X
144,Bodó Autósiskola,3298,X,X,-,X,"249,79%","212,47%",X,X
145,BO-EN Autósiskola,4202,X,X,-,X,-,-,X,X
146,Bognár Car Autósiskola,7685,X,X,X,X,"131,38%","145,69%",X,X
147,BÓNA VILMOS Autósiskola,9951,X,X,X,X,"244,18%","252,77%","165,63%",-
148,Bp-i 27-es sz. Autósiskola Kft.,0634,-,X,-,X,"133,83%","134,22%","156,25%",-
149,Brand Autósiskola,4050,X,X,-,-,"140,75%","137,84%",X,X
150,BRILL Autósiskola,5055,X,X,X,X,-,-,X,X
151,B-terv AUTÓSISKOLA,9576,X,X,X,X,-,-,X,X
152,BT-TANDEM Autósiskola,3373,X,X,X,X,X,X,X,X
153,Budai Ring Magán Kfc.,0226,X,X,X,X,-,-,X,X
154,"""Budiás Autós-Motoros Iskola""",0011,-,X,"138,34%",X,"123,23%","123,82%","119,27%","111,54%"
155,BUG ATI Autósiskola,3874,X,X,X,X,-,-,X,X
156,Bugya Autósiskola,3469,X,X,X,X,-,X,X,"112,50%"
157,CarDrive Autósiskola,4421,X,X,X,X,X,-,X,X
158,Cargo Autósiskola,4374,X,X,X,X,-,-,X,X
159,Car-Man Autósiskola,3137,-,X,-,X,"159,15%","170,11%","129,46%","105,00%"
160,CARpe dieM Autós-Motoros Iskola,4222,X,X,-,X,-,-,X,X
161,Carschool Autósiskola Bt.,3304,X,X,X,X,-,-,X,X
162,CAR-SCOOL Kft.,3194,X,X,-,X,"155,36%","148,83%","140,18%","117,97%"
163,CÉLPONT AUTÓSISKOLA,5801,X,X,X,X,"120,95%",-,X,X
164,Center Autósiskola,3004,X,X,X,X,-,X,X,X
165,Centrál Autósiskola,4197,X,X,-,X,"146,55%",-,-,"135,71%"
166,Centrum Autósiskola,3582,-,X,-,X,"116,81%","112,39%","126,25%","100,00%"
167,CENTRUM 2001 AUTÓSISKOLA,3664,X,X,X,X,X,X,X,X
168,Centrum 98 BT,3859,X,X,X,X,-,-,X,X
169,CETÁN AUTÓSISKOLA,8905,X,X,X,X,X,X,X,X
170,CHARLIE Autósiskola,3403,-,X,-,X,"180,46%","187,55%","181,25%","135,94%"
171,Citrom 2 Autósiskola,3240,X,X,-,X,-,-,"192,19%","131,25%"
172,Citrom Autós - Motoros Iskola,3628,"100,00%",X,-,X,"145,59%","138,43%",X,X
173,CITY AUTÓS-MOTOROS ISKOLA,8683,X,X,-,X,"142,01%","188,45%",X,X
174,City-Mobil. Bt. Autósiskola,3588,X,X,X,X,"137,93%","128,16%",X,X
175,Civis- Autósiskola Bt.,3479,X,X,X,X,"196,43%","192,82%",X,X
176,CLASS AUTÓSISKOLA,6701,X,X,X,X,"118,62%",-,"106,25%",X
177,CLASSIC AUTÓSISKOLA,7508,-,X,-,X,-,"143,61%",X,X
178,Classic2 Autósiskola,4141,-,X,-,X,"167,95%","187,36%",X,X
179,CLUB Autósiskola,6382,X,X,X,X,X,X,X,X
180,COLTAN Autósiskola,6422,X,X,X,X,-,X,X,X
181,Cool Autósiskola,4372,X,X,X,X,-,-,X,X
182,CoolTúra Autósiskola,4275,X,X,X,X,-,-,X,X
183,Corradi Surd Autósiskola,0157,X,X,X,X,-,-,X,X
184,Czirják Autósiskola,4350,-,X,X,X,"154,84%","150,00%",X,X
185,Czirók Autósiskola,8463,X,X,X,X,-,X,X,X
186,Czupor Autósiskola,3872,X,X,X,X,-,-,X,X
187,CZUPRIK Autósiskola BT.,3682,X,X,X,X,"140,92%","140,58%",X,X
188,CZUPRIK ÉS TÁRSA 96 Kft.,3425,X,X,X,X,"186,90%","166,90%","128,13%","140,63%"
189,Cs. Molnár Autósiskola,3710,X,X,X,X,-,-,X,X
190,Csabiga Autósiskola Kft,4014,-,X,-,X,"174,14%","161,38%",X,X
191,CSAJSZI Autósiskola,9981,X,X,X,X,"182,86%","160,78%",X,X
192,Csepel Autósiskola Kft,0113,X,X,X,X,"176,41%","162,34%",X,X
193,CSERÉNYI AUTÓSISKOLA,7407,X,X,X,X,-,-,X,X
194,Cseri Suli Autósiskola,4226,X,X,X,X,-,-,X,X
195,CSIGAVÉR 02. AUTÓSISKOLA,6309,-,-,"164,68%",-,X,X,"118,18%","107,29%"
196,Csigavér Autós-Motoros Iskola,0458,-,X,X,X,"163,45%","178,12%",X,X
197,Csillag Autós Iskola,3307,-,X,"214,42%",X,"233,01%","224,33%",X,"168,75%"
198,CSILLAG Autósiskola,8998,-,X,-,X,-,-,X,X
199,Csizmadia Autósiskola,3533,X,X,X,X,"178,28%","201,55%",X,X
200,CSONTOS Autósiskola,3490,-,X,-,X,-,-,"125,00%","137,50%"
201,Csontos Gyula Autósiskola,6065,X,X,X,X,"211,95%","233,47%",X,X
202,Csötönyi Autósiskola,4097,-,X,-,X,-,-,"112,50%","100,00%"
203,Cs-Power Autósiskola Kft.,4180,X,X,-,X,"115,84%","134,81%","111,81%","105,36%"
204,CSÚCSPLUSZ Autósiskola,4057,X,X,X,X,-,-,X,X
205,Csukrán Autósiskola,4138,X,X,X,X,-,X,X,X
206,Dabis Autósiskola,4399,X,X,X,X,-,-,X,X
207,DAKAR 2000 Autósiskola Bt.,0123,X,X,-,X,"113,48%","116,88%",X,X
208,DAKAR Autós Motoros Iskola,9182,X,X,-,X,-,-,X,X
209,DARU Autósiskola,3498,X,X,X,X,"147,50%","165,80%","152,08%","144,44%"
210,Dávid és Társa BT. Autósiskola,0199,X,X,X,X,"126,72%","118,83%",X,X
211,DEÁK Autósiskola Bt.,3293,X,X,X,X,"217,24%","233,24%",X,X
212,Debreceni Autósiskola,4075,X,X,X,X,-,X,X,X
213,Dekmár és Tsa. Kft.,0108,-,X,"123,08%",-,"147,10%","139,13%","100,00%",-
214,DEKRA Akademie Kft.,9594,X,X,X,X,X,X,-,X
215,DELFIN Autós-Motoros Iskola,5722,X,X,X,X,-,"147,02%",X,X
216,Déli ASzC Csapó Dániel Mg Technikum,3739,X,X,X,X,X,-,X,X
217,Déli Autósiskola 2,6400,-,X,-,X,-,-,X,X
218,Delta 2001 Autósiskola,3680,X,X,X,X,-,-,X,X
219,DELTA Autósiskola Bt.,0654,X,X,X,X,X,X,X,X
220,DELTA TEAM AUTÓSISKOLA,8200,X,X,X,X,-,-,"117,36%","128,13%"
221,Demeter Autósiskola,3974,X,X,X,X,X,X,X,X
222,Dénes Erika Autósiskola,4128,X,X,X,X,-,-,X,X
223,Dénes Gábor Autósiskola,4127,-,X,-,X,-,-,X,X
224,Derby Hajós és Autósiskola,3467,X,X,X,X,X,X,X,X
225,DIM és DÖME Kft.,0173,X,X,X,X,-,-,X,X
226,Dinamika Autós-Motoros Iskola (Nagy Gyula Autósiskola),7683,X,X,-,X,-,-,X,X
227,Dinnyésné Mészáros Irén Autósiskola,3134,X,X,X,X,-,X,X,X
228,DIÓSI Autósiskola,8660,-,X,X,X,"153,52%","136,34%",X,X
229,D-kontroll Autósiskola,8401,X,X,-,X,"125,86%",-,"150,00%","104,17%"
230,Dobó T Autósiskola,4157,X,X,X,X,"226,15%",-,X,X
231,Dóczi Bt. Dóczi Autósiskola,3281,X,X,X,X,-,-,X,X
232,Dodgem Autós-Motoros Iskola,0639,X,X,X,X,"160,25%","163,22%",X,X
233,Dömötör Autósiskola,3637,X,X,X,X,-,-,X,X
234,DÖMÖTÖR Autósiskola Kft.,4052,X,X,X,X,"121,63%",-,X,X
235,Dr. Pálfi György Mg-i SZKI,5741,X,X,X,X,X,X,X,X
236,Drávamente Autósiskola,9947,X,X,X,X,"150,25%","150,69%",X,X
237,DRIVE Autósiskola,4405,X,X,X,X,-,-,X,X
238,Driver Autósiskola,4420,X,X,X,X,X,-,X,X
239,DRIVER Centrum Autósiskola,6109,X,X,X,X,"172,70%",-,X,X
240,DriverCenter Autósiskola,4316,X,X,X,X,-,-,X,X
241,Driver-Hood Autósiskola,9949,-,X,"102,14%",X,"183,06%","159,03%","138,75%","102,50%"
242,Drozdik Sándor e.v.,0619,X,X,X,X,"115,86%",-,X,X
243,Dulicsek Autósiskola,9997,X,X,X,X,"223,28%","227,59%",X,X
244,Duna Gépjármű KKT,3741,-,X,-,X,"110,51%","111,21%","106,25%","106,25%"
245,Duna Zsolt Autósiskola,4397,X,X,X,X,-,-,X,X
246,Easy Drive Autósiskola,4012,X,X,X,X,-,X,X,X
247,eAutósiskola,4376,-,X,-,X,X,X,X,X
248,EDINA Autósiskola,9973,-,X,-,X,"241,75%","208,97%",X,X
249,E-Dina Autósiskola,4116,X,X,X,X,-,X,X,X
250,EDUCAR Bt.,3668,-,-,-,X,"172,83%","157,93%","184,72%","156,25%"
251,EGY Autósiskola,4062,X,X,X,X,X,X,X,X
252,Éjszakai Bagoly Autos és Motoros Iskola,0160,X,X,X,X,X,X,X,X
253,E-LENZ Autósiskola,9933,-,X,-,X,"167,76%","195,48%","165,42%","120,83%"
254,ELIT Jogsi Autós-Motoros Iskola,9836,X,X,-,X,"189,35%","176,38%",X,X
255,ELŐZNI TILOS Autósiskola,7511,X,X,-,X,X,-,X,X
256,Első Jogsi Autósiskola,4001,X,X,X,X,X,X,X,X
257,Elvira Autósiskola,6363,X,X,X,X,X,X,X,X
258,Enjoy2Drive Autósiskola,4220,X,X,X,X,-,-,X,X
259,Enyingi Autósiskola,3840,X,X,X,X,-,-,X,X
260,Eötvös József Református Okt. Központ,3483,X,X,X,X,-,-,X,X
261,Erdei Gábor Autósiskola,3465,X,X,X,X,"211,82%","200,29%",X,X
262,Érdi Négy Kerék-N Bt.,0203,X,X,X,X,X,X,X,X
263,ÉSZAKKELET-SPRINT 97 Bt.,3650,-,X,-,X,"193,89%","193,24%",X,X
264,Exkluzív Felnőttképző & Autósiskola,3779,X,X,X,X,-,X,X,X
265,Expressz Autósiskola,4040,X,X,X,X,"123,82%","128,79%",X,X
266,EZÜSTNYÍL AUTÓS-MOTOROS ISKOLA,7055,X,X,-,X,-,-,X,X
267,F.M.K. Padsor Kft.,5734,X,X,X,X,X,X,X,X
268,FACE TO FACE FOKSZ KFT.,9619,-,X,X,X,"142,68%","146,41%",-,X
269,FAIR Autósiskola,6042,X,X,X,X,-,-,X,X
270,FairPlay Autósiskola,4021,-,X,-,X,-,-,X,X
271,FairPlay2 Autósiskola,4271,X,X,X,X,-,X,X,X
272,FAMILY AUTÓSISKOLA,7111,X,X,X,X,"190,39%",-,X,X
273,Faragó-Tóth Kft,6342,X,X,X,X,"183,98%","162,40%",X,X
274,Favorit Autósiskola,3268,X,X,X,X,"156,99%","146,84%",X,X
275,Favorit '98 BT,3857,-,X,-,X,"168,73%","158,81%","116,25%","102,08%"
276,Favorit Kft.,3729,X,X,X,X,-,-,X,X
277,Fazakas Dénes,0144,X,X,X,X,"107,05%","120,54%",X,X
278,Fecskovics Magán Autósiskola,0017,X,X,X,X,-,X,X,X
279,Federal Trust Company Kft.,9979,X,X,X,X,-,-,X,X
280,Fefe Autósiskola,4327,X,X,X,X,-,-,X,X
281,Fehér Autósiskola,3670,X,X,X,X,"121,46%","134,14%",X,X
282,Fehérvár Autósiskola,4249,X,X,-,X,-,-,X,X
283,Fekete-ATI Autósiskola,4394,X,X,X,X,-,-,X,X
284,FÉKTELENÜL AUTÓSISKOLA,7211,X,X,X,X,-,-,"120,83%",X
285,FÉL-KERÉK Autósiskola,3404,X,X,X,X,-,-,X,X
286,Fényes Autósiskola,0071,-,X,-,X,-,-,X,X
287,FERR-CAR Autósiskola,7601,X,X,X,X,"133,99%",-,"103,75%",X
288,Fiáker Autósiskola,4323,X,X,X,X,-,X,X,X
289,FILEP AUTÓSISKOLA,5322,X,X,X,X,"181,56%","174,35%",X,X
290,FINTA Autós-Motoros Iskola,9009,-,X,-,X,"133,62%","134,24%",X,X
291,Flexi Autósiskola,4087,X,X,X,X,-,-,X,X
292,FMZ Oktatási Kft,2621,X,X,X,X,-,X,X,X
293,FOCUS Autós - Motoros Iskola,9959,-,X,-,-,"194,03%","201,84%",X,X
294,Fokati Kft,7622,X,X,X,X,"132,38%",-,X,X
295,Foki Suli Autósiskola,9902,-,-,-,X,"143,98%","147,41%",-,"118,75%"
296,Fókusz Autós és Motoros Iskola (FAMI),3264,X,X,X,X,"161,49%",-,X,X
297,Fókusz Autósiskola,3998,-,X,X,X,"177,08%","196,55%",X,X
298,FORAL Autósiskola,3019,X,X,X,X,"183,62%","185,75%",X,X
299,Fordulat Autósiskola,6915,X,X,"113,22%",X,"177,87%","195,02%",X,X
300,Forgó Autósiskola,9402,X,X,X,X,-,-,X,X
301,Forintos AutósIskola,9953,X,X,-,-,"140,73%","152,87%",X,X
302,Forma-N Autós-motoros Magániskola,3538,X,X,-,X,-,-,X,X
303,FORTUNA Autósiskola,6412,X,X,X,X,"114,46%","128,45%",X,X
304,FORTUNA-VÖRÖS Autósiskola,6366,X,X,X,X,"202,76%",-,X,X
305,Földi Sándor E. V. Autósiskola,4068,X,X,X,X,-,X,X,X
306,FŐNIX 98 Autósiskola,4071,X,X,X,X,-,-,X,X
307,FŐNIX Autós-Motorosiskola,7507,X,X,-,X,-,-,X,X
308,Főnix DB,4189,X,X,-,X,"174,91%","179,15%",X,X
309,Friedmann Robi Autós Iskola,7919,X,X,X,X,"149,59%","176,85%",X,X
310,FromHome Autós-Motoros Iskola,4302,-,X,"113,39%",-,"146,40%","151,50%","102,08%","102,08%"
311,FT-MOBIL AUTÓSISKOLA,3366,-,X,X,X,-,-,X,X
312,FullControl Motoros és Autósiskola,4181,-,-,-,X,-,"153,61%",X,X
313,FULLDRIVE Autósiskola,9086,-,X,-,X,"146,55%","137,53%",-,"100,00%"
314,FunDrive Autósiskola,4419,X,X,X,X,-,-,X,X
315,Future Autósiskola,4314,X,X,X,X,-,X,X,X
316,FUTURE DRIVE,9184,X,X,-,X,"251,56%",-,X,X
317,Fügedi Autósiskola,0498,X,X,X,X,X,-,X,X
318,Fülöp Suli Autósiskola,3878,X,X,X,X,-,-,X,X
319,Fülöp Suli Autósiskola Kft,4002,X,X,X,X,"141,69%","150,57%",X,X
320,FÜREDI Kft.,3107,-,X,-,X,"185,63%","178,89%","121,88%","103,91%"
321,Füredi Tamás Autósiskola,3871,X,X,X,X,-,-,X,X
322,Fűrész József Autósiskola,3338,X,X,X,X,"145,92%","161,90%",X,X
323,Füzes Autósiskola,4026,X,X,X,X,-,-,X,X
324,Füzesplus Autósiskola,4381,X,X,X,X,-,X,X,X
325,Gál Autósiskola,8542,X,X,X,X,"159,31%","172,41%",X,X
326,Ganz Autósiskola Bt,3844,X,X,X,X,-,-,X,X
327,GARANCIA-AUTÓSISKOLA Bt.,3660,-,X,X,X,-,"142,01%",X,X
328,Gelencsér Autósiskola Bt.,3767,X,X,-,X,"173,93%","161,38%","106,25%",X
329,GENERÁL + Autósiskola,9939,X,X,X,X,"149,26%","149,60%",X,X
330,GÉNIUS-TRIÓ Kft.,3230,X,X,X,X,"134,80%",-,X,X
331,Gerencsér Autósiskola,6803,X,X,-,X,"112,64%",-,X,X
332,Gladius Autósiskola,4038,-,-,-,-,"154,89%","150,47%",X,X
333,Glavanov Autósiskola,4325,X,X,X,X,-,-,X,X
334,GL-SPRINT Autósiskola,3531,X,X,X,X,-,-,"143,75%",-
335,Gold Car Autósiskola,3743,X,X,X,X,-,-,X,X
336,GOLDEN-GLOB TRANS Kft.,8862,X,X,X,X,-,-,X,"137,50%"
337,GOLF Autósiskola,3287,-,X,-,X,"229,54%","250,38%",X,X
338,Gombály Autósiskola,6601,X,X,X,X,-,-,X,X
339,Gózan Autósiskola,3182,-,X,-,X,-,-,X,X
340,Gömbicz Gyula Kft.,3261,X,X,X,X,-,-,"127,68%","100,00%"
341,Gömbicz Gyula Magán Autósiskola,3203,X,X,X,X,X,X,X,X
342,Göncöl Autósiskola,3906,X,X,X,X,-,-,X,X
343,Göndör Sándor Autósiskola,3462,X,X,X,X,-,-,X,X
344,Görömbölyi Zsolt Autós-Motoros Iskola,3274,X,X,X,X,"160,76%","155,97%","125,00%","127,08%"
345,GŐZERŐAutósiskola,7662,-,X,"149,63%",X,"184,94%","201,06%","120,31%","104,17%"
346,Gravisuli Autósiskola,4106,X,X,X,X,-,-,X,X
347,Gulyás Autósiskola,3217,X,X,X,X,X,X,X,X
348,Gulyás Autósiskola Kft.,4337,X,X,X,X,-,-,X,"100,00%"
349,GVK Barat Autósiskola,9982,-,X,X,X,"121,30%","121,61%","100,00%","100,00%"
350,GYARMATI TANODA Kft.,0170,-,X,"100,00%",X,"134,22%","142,96%",X,X
351,GYORSJOGSI Kft. Adószáma: 13437978-1-43,0636,-,X,"108,01%",X,"150,88%","148,61%","130,80%","105,00%"
352,Gyulai TREND Autósiskola,6842,X,X,-,X,-,-,X,X
353,GYURINKA Autósiskola,7701,-,-,"101,84%",X,"122,26%","132,88%",X,X
354,GYURIS Bt.,3073,X,X,X,X,-,-,X,X
355,HÁHM Autósiskola,6674,X,X,X,X,-,-,X,X
356,Hajdúring Alapítvány,3422,X,X,X,X,X,-,X,X
357,HAJNAL Autósiskola,7312,X,X,X,X,"113,10%","109,40%",X,X
358,HALASI AT I Kft. www.hati.hu,3096,-,-,-,X,"127,13%","129,98%","128,47%","101,56%"
359,Halasi Autósiskola,6007,X,X,X,X,"111,41%",-,X,X
360,Halász Autós Iskola,3256,X,X,X,X,"120,34%",-,X,X
361,HALÁSZ Autósiskola,9977,X,X,X,X,-,-,X,X
362,Hambalkó Autósiskola,3358,-,-,"110,80%",-,"148,14%","155,27%","109,72%","100,00%"
363,Hankó András Zebra Autósiskolája,3183,X,X,X,X,-,-,X,X
364,HANNA '97 Bt.,3255,X,X,X,X,-,X,X,"104,17%"
365,HAPPY Autósiskola,7711,X,X,X,X,"137,24%","156,62%",X,X
366,Happy Car Autósiskola,4320,X,X,X,X,X,-,X,X
367,Hargitai Autósiskola,3235,X,X,X,X,-,X,X,X
368,Harmati Autósiskola,3459,X,X,X,X,-,-,X,X
369,HÁROS AUTÓSISKOLA,6012,X,X,X,X,"185,19%","185,71%",X,X
370,Harruckern János Szakképző Iskolája és Kollégiuma,3199,X,X,X,X,X,X,X,X
371,Hatodik Sebesség Autósiskola Kft,8939,X,X,X,X,"174,14%","186,81%",X,X
372,HBm ATI Kft.,3413,X,X,-,X,-,-,-,-
373,Hebo - Trend Kft.,3547,X,X,-,-,"162,90%","132,51%",X,X
374,Hegedűs Károly Autósiskola,0021,X,X,X,X,X,X,X,X
375,Hegedűs Vazul Autós - Motoros Iskola,9963,X,X,X,X,"102,51%","100,00%",X,X
376,Hegyi Autósiskola,7162,X,X,X,X,"144,56%",-,X,X
377,Hegyi Péter Autósiskola,4309,X,X,X,X,X,-,X,X
378,Hello Autósiskola,4151,X,X,X,X,-,-,X,X
379,HenkóAti Autósiskola,3899,-,X,-,X,"106,90%","104,70%",X,X
380,HEPP AUTÓSISKOLA,8103,X,X,X,X,"182,56%","206,55%",X,X
381,HEPP-Plusz Autósiskola,4240,X,X,-,X,"165,88%","177,34%",X,X
382,Hera László e.v.,9202,X,X,X,X,-,-,X,X
383,Herhold Ági Autósiskola,4150,X,X,X,X,-,X,X,X
384,HESZI Autósiskola Kft,3900,-,X,-,X,-,-,-,"112,50%"
385,HIDI Autósiskola,7510,X,X,X,X,-,-,X,X
386,Hirják Autósiskola Kft.,8262,-,X,-,X,"142,44%","150,00%",X,X
387,Holló Autósiskola,3890,X,X,X,X,"147,13%","156,27%",X,X
388,HOMOKI és TÁRSA Kft.,3601,X,X,X,X,"129,94%","127,07%","127,50%","101,39%"
389,Hornok Autós Iskola,4185,X,X,X,X,-,-,X,X
390,Horváth Autósiskola,3768,X,X,X,X,-,-,X,X
391,Horváth Autósiskola Kft. (Siklós),8402,X,X,X,X,-,-,X,X
392,HORVÁTH TANODA KFT,3387,"111,05%",X,-,X,"174,50%","164,29%","141,67%","121,88%"
393,HUBAI Autósiskola,5307,X,X,X,X,"180,75%","170,59%",X,X
394,HUNGÁRIA AUTOSSULI,3527,-,X,-,X,"144,17%","157,67%",X,X
395,Hungária Autósiskola KKT.,3689,X,X,X,X,"151,26%","175,03%",X,X
396,HÜBLER Bt.,0454,X,X,X,X,-,X,X,X
397,Ihász Autósiskola,4225,X,X,X,X,-,-,X,X
398,IKON Autósiskola,9996,-,X,-,X,"112,50%","117,82%",X,X
399,Index 3000 Autósiskola,7843,X,X,X,X,-,-,X,X
400,INDEX 95 Bt.,3331,-,X,-,X,"184,33%",-,X,X
401,Index Autósiskola Kft.,4299,X,X,X,X,"125,17%","131,85%",X,X
402,INDEX Kft.,3691,-,X,"101,10%",-,"155,04%","168,30%","157,03%","156,25%"
403,INFORG Kft.,9652,X,X,X,X,-,-,X,X
404,INTEK AUTÓSISKOLA,8954,-,X,"114,14%",-,"166,41%","156,74%",X,X
405,Intenzív Autósiskola,6660,X,X,X,X,-,-,X,X
406,Izirájder Autósiskola,3476,X,X,X,X,-,-,X,X
407,Jakab Autósiskola Kft.,8443,X,X,X,X,-,-,X,X
408,JAKABJOGSI AUTÓSISKOLA,8707,"100,00%",-,"100,00%",-,"119,93%","123,19%","156,25%","104,17%"
409,Janics Imre Autósiskola,3458,X,X,X,X,-,-,X,X
410,"Janik András Autósiskolája ""Abonyi Autósiskola""",5446,-,X,"108,33%",X,"105,44%","105,10%",X,X
411,Janó Autósiskola,3886,X,X,-,X,"107,52%",-,X,X
412,Janzsó Bt.,3856,-,X,-,X,"147,06%","147,27%",X,X
413,Járási Autósiskola,6142,-,X,-,X,"152,30%","179,82%",X,X
414,Jász-N-SZ Megyei ATI Kft.,3692,-,X,-,X,"128,45%","156,43%","126,70%","100,00%"
415,Jávorka Sándor Szakképző Iskola,3536,X,X,X,X,-,-,X,X
416,Jávorszki Autósiskola,0611,X,X,X,X,"134,77%","153,14%",X,X
417,Jazzy Autósiskola,0759,X,X,X,X,X,-,X,X
418,Jeges Autósiskola,3982,X,X,X,X,-,-,X,X
419,JEL Autósiskola,9802,X,X,X,X,"168,47%","170,83%",X,X
420,Jó?Jó! Autósiskola,4306,X,X,X,X,-,-,X,X
421,Jobb1 Autósiskola,3822,X,X,X,X,X,X,X,X
422,Jobbfék Autósiskola,4278,X,X,X,X,-,-,X,X
423,Jogsi ATIval,0410,X,X,X,X,"144,50%","132,98%",X,X
424,Jogsi Vár Autós-Motoros Iskola,8785,-,X,-,X,"144,30%","187,86%","118,75%",-
425,Jogsid lesz Autós-Motorosiskola,4301,-,X,-,X,-,"153,20%",X,X
426,JOGSIMA Autósiskola,3918,X,X,X,X,-,-,X,X
427,"JOGSIRING, KATONA ÁGI AUTÓSISKOLÁJA",4387,X,X,X,X,-,-,X,X
428,Jogsiszoft Kft.,7864,X,X,X,X,"194,60%","192,33%",X,X
429,JogsiTomival Autósiskola,4441,X,X,-,X,X,-,X,X
430,JOGSIVARÁZS Autós- és Motoros iskola,7307,X,X,X,X,-,-,X,X
431,Jogsivarázs Bt. Autósiskola,4186,X,X,X,X,"162,86%","164,70%",X,X
432,JÓZSA Autósiskola,3408,-,X,X,X,-,-,X,X
433,Jozsojogsi Autos-Motoros Iskola,4404,X,X,-,X,-,-,X,X
434,Juhász Autósiskola,3912,X,X,X,X,-,-,X,X
435,K.L.M.N. EDUCATION Kft. Autósiskola,9725,X,X,-,X,"146,87%","156,37%","112,50%","109,82%"
436,K.O. Autós-Motoros Iskola Kft,7642,-,X,"149,58%",-,"182,82%","182,28%","151,25%","135,00%"
437,K+HVSZ Autósiskola,9522,X,X,X,X,X,-,X,X
438,Kadét Autósiskola,3561,-,X,X,X,"177,32%","153,93%",X,X
439,Kállay Attila Magán Autósiskola,0211,X,X,X,X,"164,04%","193,32%",X,X
440,Kalmár Ádám Autósiskola,4056,X,X,X,X,"123,15%",-,X,X
441,Kalmár Autósiskola Kft.,0668,-,X,"110,73%",-,"122,66%","122,06%","107,50%","100,00%"
442,Kalmár Balázs Autósiskola,4055,X,X,X,X,"131,82%",-,X,X
443,Kamionsuli Kft.,0663,X,X,X,X,X,-,"104,69%",-
444,KANGAR Autósiskola,7260,X,X,-,X,-,-,X,-
445,Kanyar-Góó Motor és Autósuli Kft.,4132,-,X,"100,77%",X,"121,94%","146,84%",X,X
446,Kapos ATI Autósiskola,3638,"107,50%",X,-,X,"129,67%","137,93%",X,X
447,Kaposvári Egyetem Autósiskola,3622,X,X,X,X,-,-,X,X
448,KARI-CAR Autósiskola,8000,X,X,X,X,X,X,X,X
449,Kása Autósiskola,3663,X,X,X,X,-,-,X,X
450,Kata Jogsi Autósiskola Bt.,4130,X,X,X,X,X,X,X,X
451,Katalizátor Autósiskola,0210,X,X,X,X,-,-,X,X
452,Katona Autósiskola,3456,X,X,X,X,X,X,X,X
453,Katona Richárd Autósiskola,3942,X,X,X,X,-,X,X,X
454,Kecskeméti 1. sz. Autósiskola Kft.,3142,X,X,X,X,-,-,X,X
455,"Kék ""T"" Autósiskola",3008,X,X,"152,82%",X,"181,34%","189,40%",X,X
456,Kelemen Autósiskola,4184,X,X,X,X,-,-,X,X
457,"""KELET-SPRINT"" Kft.",3915,X,X,X,X,"181,03%","174,33%",X,X
458,Kerék Autósiskola,9955,X,X,X,X,"153,94%","128,57%",X,X
459,KEREKES AUTÓSISKOLA,7161,X,X,X,X,-,-,X,X
460,Kerepeczki Csaba Autósiskola,3189,X,X,X,X,-,-,X,X
461,KÉSZ Autósiskola,3534,X,X,X,X,"217,01%","207,16%",X,X
462,Kettler Sándor Autósiskola,0025,X,X,-,X,"108,92%","109,09%",X,X
463,KEX Autós-Motoros Iskola,8042,X,X,-,X,"133,76%","157,78%","162,50%","125,00%"
464,King' Autósiskola és Varjú Verdák Autósiskola,8682,-,X,-,X,"145,38%","140,78%",X,X
465,King'a Ford Tamás Autósiskola,3625,-,X,-,X,"111,21%","118,72%","166,25%","133,93%"
466,KIRÁLY Autós-Motoros Iskola,6876,X,X,X,X,"161,03%",-,X,X
467,KIS Autós-Motoros Iskola,5762,-,X,-,X,-,"162,07%",X,X
468,Kisalföldi ASzC Eötvös Technikum,3359,X,X,X,X,X,-,X,X
469,kisAndorkó Autósiskola,4147,X,X,X,X,-,-,X,X
470,Kisberk Autós-Motoros Iskola,3385,X,X,X,X,-,-,X,X
471,Kisfügedi Autós-Motoros Iskola,3746,-,X,-,X,"123,61%","117,43%","118,75%",X
472,KISKUN-NEXT Kft.,3060,-,X,-,-,"175,86%","166,22%","155,56%","135,23%"
473,Kiss Autósiskola,4291,X,X,X,X,"105,98%","102,39%",X,X
474,Kiss-Balaton Autós-Motorosiskola,3866,X,X,-,-,"140,23%","143,26%",X,X
475,Klub -Farkas,3782,X,X,X,X,-,X,X,X
476,Kobela Autósiskola,3054,"144,38%",X,"146,22%",X,"177,05%","194,76%",X,X
477,KOBELA AUTÓSISKOLA KFT,7910,-,X,-,X,"189,66%","195,17%",-,"106,25%"
478,KÓBORLÓ Autósiskola,4081,X,X,-,X,-,-,X,X
479,KOCSIS AUTÓSISKOLA,6901,X,X,X,X,X,-,X,X
480,KOCSISULI Autósiskola Nyíregyháza,5070,-,X,-,X,"157,87%","171,63%",X,X
481,KocsiSuli Autósiskola,3869,X,X,X,X,"111,60%",-,X,X
482,KocsiSuli Team Autósiskola Nyíregyháza,3896,X,X,X,X,-,-,X,X
483,KOKÓ AUTÓSISKOLA,3140,X,X,X,X,X,-,X,X
484,Kolozsi Autósiskola,0643,X,X,X,X,X,X,X,X
485,KOMDRIVER Kft,4233,-,X,X,X,"143,79%","128,53%",X,X
486,KONCZ AUTÓSISKOLA,8875,X,X,X,X,-,X,X,X
487,KONFLIS Kft.,0615,X,X,X,X,"134,91%","149,90%",X,-
488,Koni Autósiskola,3999,X,X,X,X,"167,37%",-,X,X
489,KONI Bt. Autósiskola,0027,X,X,X,X,-,-,X,-
490,Kontroll Autósiskola Kft,4380,X,X,X,X,"139,50%","154,48%",X,X
491,Kopasz Autósiskola,3402,X,X,X,X,X,X,X,X
492,Kó-Pé Autósiskola,4088,X,X,X,X,"118,04%",-,X,X
493,Kormányos Kft.,6763,X,X,X,X,-,-,X,X
494,Koroknai Autósiskola,3436,"101,43%",X,-,X,"198,46%","193,93%","172,57%","159,11%"
495,KORREKT AUTÓSISKOLA,8246,X,X,X,X,"118,20%","128,45%",X,X
496,KORREKT Autósiskola-Korrektsuli,5541,X,X,X,X,"144,83%","166,09%",X,X
497,Koselák Autósiskola,0219,X,X,X,X,-,-,X,X
498,KOTRA Kft.,3424,-,X,-,X,"172,18%",-,X,X
499,KOVA Autósiskola,4064,X,X,X,X,X,X,X,X
500,Kovács Autósiskola,3234,X,X,X,X,X,-,X,X
501,Kovács György egyéni vállalkozó,4083,X,X,X,X,X,X,X,X
502,Kovács István Autósiskola,3454,X,X,X,X,"138,73%",-,X,X
503,Kovács László Autósiskola,3233,X,X,X,X,-,-,X,X
504,Kovács László e.v.,0657,X,X,X,X,"149,29%","149,51%",X,X
505,Kovács Miklós e.v.,0066,X,X,X,X,"106,90%","111,25%",X,X
506,Kovács Peti Autósiskola Kft.,3270,X,X,X,X,-,-,X,X
507,KOZMA Autósiskola,3606,X,X,-,X,"115,76%","116,55%","118,75%",X
508,KÖKÉNY AUTÓSISKOLA,8403,-,X,-,X,"153,35%","154,18%",X,X
509,Kőrössy Zsolt Autósiskola,7242,X,X,X,X,"130,39%","138,15%",X,X
510,Körút Kft.,0029,X,X,X,X,-,-,"135,00%",X
511,Kövecses Autósiskola,9302,X,-,-,X,-,-,X,X
512,Közlekedési Akadémia,0630,X,X,X,X,X,X,-,X
513,Kránicz Kft,7262,X,X,X,X,"162,32%","161,54%",X,X
514,KRESZ Akadémia Kft,3887,X,X,X,X,"179,60%","214,94%",X,X
515,KRESZTANODA Autósiskola,3524,X,X,X,X,-,-,X,X
516,KRISZTA AUTÓSISKOLA Kft.,4257,X,X,X,X,-,-,X,X
517,Krizsma Autós-Motoros Iskola,5742,X,X,X,X,"175,33%","165,88%",X,X
518,KSZC Centrum Autósiskola,5712,X,X,-,X,"260,27%","230,75%",X,X
519,Kulcsár Tamás ev.,4209,X,X,X,X,X,-,X,X
520,Kunstár Autósiskola,3297,X,X,X,X,X,-,X,X
521,KunsTár AuTósiskola Kft,3925,-,X,-,X,-,"143,60%",X,X
522,Kurinszki Autósiskola,9722,X,X,X,X,"103,98%",-,X,X
523,KUSZKA LÁSZLÓ Járművezető-képző Magániskola,0095,X,X,X,X,-,-,X,X
524,Kuti Autósiskola,0610,X,X,X,X,X,-,X,X
525,Kuti Autós-Motoros Iskola,3913,X,X,X,X,"183,55%","171,77%",X,X
526,KÜLÖNJÁRAT Autósiskola,3036,X,X,X,X,-,-,X,X
527,Lancsa Autósiskola,3171,X,X,X,X,"166,21%","162,52%",X,X
528,LArt Suli,5739,X,X,X,X,X,X,X,X
529,László Autósiskola,4067,X,X,X,X,-,X,X,X
530,Laszlóczki László Magán Autósiskola,3748,X,X,-,X,"132,29%","130,41%",X,X
531,Lei Autósiskola,3122,X,X,X,X,-,-,X,X
532,LEITOLD Autósiskola,3800,X,X,X,X,"160,34%","141,54%",X,X
533,LEIZ AUTÓSISKOLA,3071,X,X,X,X,"135,47%",-,X,X
534,Lele autó Kft. Autósiskola,9542,X,X,X,X,"231,49%","214,25%","185,94%",-
535,Lendület Autósiskola,3043,X,X,X,X,-,-,X,X
536,Lendületben Bt.,3258,X,X,X,X,X,X,X,X
537,Lenjogsi Autósiskola,4134,X,X,X,X,-,-,X,X
538,LENKÓ Autós-suli,9842,X,X,X,X,-,-,X,X
539,LENSIT Bt.,9667,X,X,X,X,-,-,"181,25%","129,17%"
540,Let's Go Autósiskola,6004,X,X,X,X,-,-,X,X
541,Let's Go Autósiskola Borsod,0231,X,X,X,X,-,X,X,X
542,LÉVAI ANTAL és TÁRSA Kft.,7522,-,X,-,-,"136,99%","129,06%","116,67%",-
543,Lévai Autósiskola Kft.,7562,X,X,X,X,-,-,X,-
544,LIEBER MÁRTI Autósiskola,6908,X,X,X,X,-,-,X,X
545,Like Autósiskola,1000,X,X,X,X,-,-,X,X
546,LIKEDRIVE Autósiskola,9075,X,X,X,X,"182,17%","168,47%",X,X
547,LIPTHAY BÉLA SZAKKÉPZŐ Szécsény,7107,X,X,-,X,-,-,X,"168,75%"
548,Lisztes Éva Autósiskolája,7022,X,X,X,X,"173,68%","164,25%",X,X
549,LOPAKODÓ Autósiskola Bt.,0612,X,X,X,X,"135,78%","130,70%",X,X
550,Lovas Miklós Autósiskola,0640,X,X,-,X,-,-,X,X
551,Lux Autósiskola,3198,X,X,X,X,-,-,X,X
552,M7 Autósiskola,4398,X,X,X,X,X,-,X,X
553,"Maczi-Suli Autós-Motoros Iskola""",6175,X,X,X,X,"177,65%","165,67%",X,X
554,MÁDL JENŐ Autósiskola,5701,-,X,-,X,-,"138,46%",X,X
555,Magura Autósiskola,3195,-,X,-,X,"179,69%","210,67%","174,31%","135,00%"
556,Magyar Autóklub Autósiskola Bp.,0471,X,X,X,X,"163,79%","154,94%",X,X
557,Magyar Autóklub Zala,3025,X,X,X,X,"175,86%",-,X,X
558,Majsai Kft.,0232,X,X,X,X,-,-,-,"100,00%"
559,Makár Autósiskola,4158,X,X,X,X,-,-,X,X
560,Makk Gyula Autósiskola,4173,X,X,X,X,-,X,X,X
561,Maléth Autósiskola,3177,X,X,X,X,-,X,X,X
562,Marika Autósiskola,8022,X,X,X,X,"119,31%","144,14%",X,X
563,Márki Autósiskola,3068,X,X,X,X,X,X,X,X
564,Márki Jogsi Autósiskola,4049,X,X,-,X,"131,59%","118,66%","139,58%",-
565,Marosy-Mobilitás Autósiskola,3988,X,X,X,X,"157,03%","203,07%",-,-
566,MÁSIK Autósiskola,7607,X,X,X,X,"168,44%","147,59%",X,X
567,MATI AUTÓSISKOLA,6810,X,X,X,X,"137,30%",-,X,X
568,MATIextra autósiskola,3920,X,X,X,X,-,-,X,X
569,Mátrix Prémium Autósiskola,7224,X,X,X,X,"139,75%",X,X,X
570,MAXI Autósiskola,9562,X,X,X,X,-,-,X,X
571,Mázli Autósiskola,4098,X,X,X,X,-,-,X,X
572,Mazsola 2013 Autósiskola,9950,X,X,X,X,"216,38%","244,14%",X,X
573,Mazsola Autósiskola,3041,X,X,X,X,-,-,X,X
574,Mazsola Autósiskola,3399,-,X,-,X,"144,37%","148,28%",X,X
575,Mazsola Nógrád Bt.,9142,X,X,-,X,"125,10%","137,24%",X,X
576,MAZSOLA-JOGSITANODA Kft.,8382,-,X,-,X,"173,74%","183,12%",X,X
577,MB autósuli,3931,X,X,X,X,-,-,X,X
578,Mediterrán Autósiskola,3045,X,X,X,X,-,-,X,X
579,MEGA 2003 Autósiskola,3669,X,X,X,X,"125,86%","129,31%",X,X
580,Meiszterics Autósiskola Kft.,3630,-,X,-,-,"146,36%","141,59%","133,75%","121,88%"
581,Menta Autósiskola,4415,-,X,-,-,-,-,X,X
582,Menta Autós-Motoros iskola,8902,X,X,-,X,X,X,X,X
583,MENTOR Autósiskola adósz:64046574-1-41,6204,X,X,X,X,"159,11%","137,30%",X,X
584,MERKÚR Autósiskola,4422,X,X,X,X,-,"141,91%",X,X
585,MESTER-JOGSI Autós Motoros Iskola,6704,X,X,X,X,"144,37%",-,X,X
586,Mezei Autósule,3696,-,X,-,X,"126,37%","136,78%",X,X
587,Mezőkövesdi Autósiskola,4417,X,X,X,X,X,-,X,X
588,MICRA ATI Autós Iskola ec.,3539,-,X,-,X,-,-,"185,42%","130,00%"
589,MIHÁLY '94 Autósiskola Kft.,6600,-,X,-,X,"175,77%","179,22%","183,33%","121,25%"
590,Miksztai Autós-Motoros Iskola Kft.,3266,-,X,-,X,"136,88%","118,72%","137,50%","114,58%"
591,MINERVA Autósiskola,3671,X,X,X,X,-,-,X,X
592,Miskolci Rendészeti Szakgimnázium MRSZG,9133,X,X,X,X,-,"177,01%",X,X
593,Mobil Autósiskola,9604,X,X,-,X,-,"140,52%","100,00%",X
594,Mobil Járművezető-képző Vállalkozás),3723,X,X,X,X,"128,62%",-,X,X
595,MOBIL TRAINING Autósiskola Kft.,7904,"102,73%",X,-,-,"151,77%","150,81%",-,"184,38%"
596,Mobinika 96 Kft. Szent Kristóf autós-motoros iskola,3557,X,X,-,-,-,"158,28%","100,00%","102,08%"
597,MOLNÁR Autósiskola,3315,X,X,X,X,X,-,X,X
598,Molnár Gábor Autósiskola,3556,-,X,"307,41%",X,"148,70%","163,08%",X,X
599,MolnárAutósiskola,0241,X,X,X,X,"152,54%","144,46%",X,X
600,MORVAY Autósiskola Kft.,8102,-,X,X,X,"136,60%","151,47%","193,75%","100,00%"
601,Moson Stop Suli,3928,X,X,X,X,-,X,X,X
602,Motocriss Bt.,0609,-,X,-,X,"146,36%","152,35%",X,X
603,MOTOR-SULI Bt.,3421,-,X,-,X,-,-,X,X
604,Mo-Va Autósiskola,3753,X,X,X,X,-,-,X,X
605,MOZAIK AUTÓSISKOLA,8505,X,X,-,X,"171,93%","194,23%",X,X
606,MTB Trans Kft,4005,X,X,X,X,X,X,X,X
607,MTM Oktatás Autósiskola,3854,X,X,-,X,"180,97%","184,33%",X,X
608,Muhari Autósiskola,3721,X,X,X,X,"125,29%","130,49%",X,X
609,Multi-Hause Bt. Autósiskola,9903,X,X,-,X,-,-,X,X
610,MULTIJOGSI Kft.,7512,X,X,X,X,"160,34%","152,01%",X,"143,75%"
611,N 1-es Autósiskola Kft,3361,X,X,X,X,"151,72%","144,41%",X,X
612,Nagy Autósiskola,6482,X,X,X,X,-,-,X,X
613,Nagy Csaba Attila Autósiskola,3718,X,X,X,X,"172,13%","143,24%",X,X
614,Nagy István Autósiskola,3452,X,X,-,X,-,-,X,X
615,Nagy Károly Autósiskola,3451,X,X,X,X,-,-,X,X
616,Nagy László magán autósiskola,8847,X,X,X,X,-,-,X,X
617,Nagyváradi Autósiskola,4016,X,X,X,X,-,"192,07%",X,X
618,Nagyváradi-Jogsi Autósiskola,4357,X,X,X,X,-,-,X,X
619,NATI AUTÓSISKOLA,7801,X,X,-,X,"160,34%","150,34%",X,X
620,Nebuló Autósiskola,8962,X,X,X,X,"201,44%","211,49%",-,"112,50%"
621,Németh László Autósiskola,4293,X,X,X,X,-,-,X,X
622,Neon Autósiskola,4058,-,X,X,X,-,-,X,X
623,NeTcar Autósiskola Zrt.,4877,"113,33%",X,"107,08%",-,"153,90%","165,03%","152,92%","117,86%"
624,New Easy Rider Autósiskola,5802,-,X,-,X,"144,70%","170,90%",X,X
625,New wave Autósiskola,3934,X,X,X,X,-,X,X,X
626,Nitro Autósiskola Bt.,4125,X,X,X,X,-,-,X,X
627,No.1. Autósiskola E.C.,0637,X,X,X,X,"150,54%","160,50%",X,X
628,NON-STOP Autósiskola,0339,X,X,X,X,X,X,X,X
629,NO-PARA AUTÓSISKOLA,8205,X,X,X,X,-,-,X,X
630,No-Para Autósiskola,4317,X,X,X,X,X,-,X,X
631,"Urbán Attila egyéni vállalkozó ""Club Autósiskola""",4442,X,X,X,X,X,-,X,X
632,PENGE Autósiskola,4954,X,X,X,X,X,-,X,X
633,NZN Autósiskola,7008,X,X,X,X,"123,06%","123,61%",X,X
634,Nyegrán Iván Autósiskola,0039,X,X,X,X,X,X,X,X
635,NYÍRI AUTÓSISKOLA,7589,X,X,X,X,"147,87%","150,82%",X,X
636,Nyirő Norbert ev.,4311,X,X,X,X,X,X,X,X
637,Nyírő-ATI Autósiskola,5182,X,X,-,X,"123,75%","129,77%",X,X
638,NYÍRSTOP AUTÓSISKOLA,6305,X,X,X,X,"196,55%","202,65%",X,X
639,NYUGI Autósiskola,0313,-,X,-,X,"189,02%","180,15%",X,X
640,OKOSJOGSI Autósiskola,7609,X,X,-,-,"134,87%","115,93%",X,X
641,OK-TA Autósiskola,4434,X,X,-,X,X,X,X,X
642,OktaTóni Autósiskola,4303,X,X,X,X,-,-,X,X
643,Okta-túr Bt.,3715,X,X,X,X,-,-,X,X
644,Oktautó Autósiskola,4178,X,X,X,X,X,X,X,X
645,OLH-LADUVER HILDA Bt.,0617,-,X,-,X,"117,44%","125,49%","100,00%",-
646,Ollári Autósiskola,9502,-,X,-,X,"135,91%","146,29%",X,X
647,One Way Autósiskola Kft.,4199,X,X,X,X,-,-,X,X
648,ON-LINE Autósiskola,3959,X,X,X,X,-,-,X,X
649,OPÁL Autósiskola,3100,"118,75%",X,X,X,"133,92%","152,83%",X,X
650,Optimum Autósiskola,4281,X,X,X,X,"130,34%",-,X,X
651,Orbán Autósiskola,9984,-,X,-,X,"195,70%","207,92%",X,X
652,ORBÁN AUTÓSISKOLA Kft.,4029,X,X,X,X,"182,76%","186,32%",X,X
653,ORIGO Autósiskola,3398,X,X,-,X,-,-,X,X
654,Origó Autósiskola,3673,X,X,X,-,-,X,X,X
655,Ország Jenő Autósiskola,3139,X,X,X,X,"128,97%",-,X,X
656,Ön-inditó Bt. Autósiskola,3246,X,X,-,X,"156,76%","140,32%",X,X
657,ŐRI START Kft.,6442,X,X,X,X,"144,33%","147,21%",X,X
658,ÖRÖKÖS Bt.,3612,X,X,X,X,-,-,X,X
659,Összkerék Autósiskola,3432,X,X,X,X,"189,95%","202,80%",X,X
660,Padlógáz 1 Bt..,0311,X,X,-,X,"170,00%","172,97%",X,X
661,Padlógáz Móvár Autósiskola,3941,-,X,-,-,"144,31%","135,11%",X,X
662,Pál Gábor Autósiskola,0042,X,X,-,X,"122,76%",-,X,X
663,Palkovics Autósiskola,6902,X,X,X,X,-,-,X,X
664,Pallagi Autósiskola,9989,X,X,X,X,"153,85%",-,X,X
665,Pálos Bt. Autósiskola,3339,X,X,X,X,-,-,X,X
666,Pálosi János és Társai Bt.,4107,X,X,X,X,"120,34%",-,X,X
667,Palotai Autósiskola,3231,X,X,X,X,"132,23%","153,92%",X,X
668,PANDA Autósiskola,3374,X,X,X,X,-,X,X,X
669,PANNON AUTÓSISKOLA,7833,X,X,X,X,-,-,X,X
670,Papp Autósiskola,3131,X,X,X,X,-,-,X,X
671,Papp Autósiskola,4211,X,X,X,-,-,-,X,X
672,PAPP AUTÓSISKOLA Kft.,3220,-,X,-,X,-,-,X,X
673,Papp Gyula Autósiskola,0651,X,X,X,X,"125,29%","150,30%",X,X
674,Partner Autósiskola,3192,X,X,X,X,"190,98%",-,X,X
675,PARTNER Autósiskola,9262,X,X,X,X,"141,13%",-,X,X
676,PARTNER RING AUTÓSISKOLA,5812,-,X,-,X,"129,71%","141,59%",X,X
677,PARTNER -T-Hajdú KFT.,3644,X,X,-,X,-,"149,34%","173,44%","136,72%"
678,PARTNERjogsi Autósiskola,6605,X,X,X,X,"152,98%",-,X,X
679,Pásztor Tibor Autós Magániskola,3162,X,X,X,X,"183,07%",-,X,X
680,PATI Bt.,0255,X,X,-,X,"167,75%","171,33%",X,X
681,PATKÓ Autósiskola,3506,X,X,X,X,X,X,X,X
682,PÉCS 2017 AUTÓSISKOLA,6709,X,X,X,X,"218,18%","208,78%",X,X
683,Pedál Autósiskola,4234,X,X,X,X,-,-,X,X
684,Pedálkirály2 Autósiskola,3909,-,X,-,X,"157,81%",-,X,X
685,PEGAZUS Autósiskola,6905,X,X,X,X,"213,60%",-,X,X
686,Pelikán Autósiskola,6362,X,X,X,X,"130,77%","130,58%",X,X
687,Pelyhe & BBS Autósiskola,4051,X,X,X,X,-,-,X,X
688,Pénzes Zoltán Autósiskola,3435,X,X,X,X,-,-,X,X
689,PENZUM-96 Kft,3508,X,X,X,X,"152,66%","163,97%","109,38%",-
690,Perpetuum Mobile,3329,X,X,X,X,-,-,X,X
691,Pest-Buda Autósiskola,0604,X,X,X,X,X,X,X,X
692,Peszlen Autós Magániskola,3381,X,X,X,X,-,-,X,X
693,Peter 2021 Autósiskola Kft.,4078,X,X,X,X,-,-,X,X
694,péter Autósiskola,3879,X,X,X,X,-,-,X,X
695,Pikk Pakk Jogsi,4011,X,X,X,X,-,-,X,X
696,PINGVIN Autósiskola,9956,X,X,X,X,"168,28%",-,X,X
697,Pintér Autósiskola,3889,X,X,X,X,-,-,X,X
698,Plus Autósiskola,3903,X,X,X,X,-,-,X,X
699,Posta Róbert Autósiskola,3030,X,X,X,X,"174,77%","178,68%",X,X
700,Pótfék Bt.,3690,-,X,-,X,-,-,X,X
701,Pozsár Autósiskola KFT,3180,X,X,X,X,"185,81%","186,69%","160,42%","110,00%"
702,PRECÍZ AUTÓSISKOLA Kft. Szhely,9106,X,X,-,X,"139,94%","157,54%",-,"122,92%"
703,Presztizs Autósiskola,4238,X,X,-,X,-,-,X,X
704,Profi Autós és Motoros Iskola,8242,X,X,X,X,-,-,X,X
705,PROFI Vizsgaközpont Kft.,4190,-,X,-,X,"165,32%","164,78%",X,X
706,Pungor Suli,4258,X,X,-,X,-,-,X,X
707,QUALITAT KFT.,3370,X,X,X,X,X,X,X,X
708,R & R Autós-Motoros Iskola,3491,X,X,-,X,"140,80%","151,45%",X,X
709,RÁCZ ÉS BOCSKOR AUTÓSISKOLA,6610,X,X,X,X,X,X,X,X
710,Rácz és Bocskor Autósiskola,4418,X,X,-,X,"114,48%","120,69%",X,X
711,Rácz István egyéni vállalkozó,0384,X,X,X,X,"197,01%","189,56%",X,X
712,RADICS AUTÓS ISKOLA,5114,X,X,X,X,-,-,X,X
713,RANG 2004 Kft.,0124,X,X,X,X,"122,76%",-,X,X
714,RAPID Autósiskola,9971,X,X,X,X,"127,59%","120,88%","109,62%","109,38%"
715,RASTA Autósiskola,6078,-,X,X,X,-,-,X,X
716,RCZ-Hegyalja Autósiskola,3930,-,X,-,X,"133,67%","146,01%","109,38%",-
717,Readygo Autósiskola,4216,X,X,X,X,-,-,X,X
718,Récsei Autósiskola,3640,X,X,-,X,"143,05%","146,55%",X,X
719,Reflex Autósiskola,9083,X,X,X,X,"146,38%","162,07%",X,X
720,Reflex Bt. Autósiskola,3790,X,X,X,X,-,"147,67%",X,X
721,REGENTA Kft,4393,X,X,X,X,-,-,X,X
722,Relax Autósiskola,4154,X,X,X,X,-,-,X,X
723,RelaxCar Autósiskola,4121,X,X,X,X,"159,87%","161,38%",X,X
724,Remeczki és Fia Autósiskola,3883,X,X,X,X,"165,24%","212,26%",X,X
725,Révész Győző Autósiskola,9994,X,X,X,X,X,X,X,X
726,Révész Győző Autósiskola,4348,X,X,X,X,-,-,X,X
727,Ribita & Társa Autósiskola,4048,X,X,X,X,"132,41%",-,X,X
728,RITMO Kft.,3770,"108,85%",X,"109,95%",X,"152,14%","145,55%","146,09%","121,88%"
729,R-KERESZTÚR Bt.,0293,X,X,X,X,"164,70%","176,72%",X,X
730,ROBERTO AUTÓSISKOLA,6910,X,X,X,X,-,-,X,X
731,RO-BU Sprint Autósiskola,3102,X,X,-,X,"117,24%",-,X,X
732,RODEO Autósiskola,3646,X,X,X,X,-,-,X,X
733,RODEO-CAR Bt.,0676,X,X,-,X,"112,79%","111,99%","109,38%","101,92%"
734,Roskó Miklós Autovezető Magániskola,3272,-,X,-,X,"135,57%","126,84%",X,X
735,Roys-96 Kft.,3419,X,X,X,X,-,-,X,X
736,Rózsa Autósiskola,3184,X,X,X,X,-,X,X,X
737,RUSZKAI Autós - Motoros Iskola,6869,-,X,-,-,-,-,X,X
738,RUTIN Autósiskola,3488,X,X,X,X,-,-,-,X
739,Rutin 2010 Autósiskola,8362,X,X,X,X,-,-,X,X
740,RUTIN 98 Kft.,3345,-,X,-,X,"152,50%","152,30%",X,X
741,Rutin Autósiskola,3654,-,X,"130,47%",X,"158,32%","173,90%",X,X
742,Rutin Jogsi - Ózd Autósiskola,4215,X,-,-,X,"140,23%","132,33%",X,X
743,Rutin Szeged Bt.,3303,X,X,X,X,"329,78%","285,52%",X,X
744,RUTIN-OKT.Kft.,3568,X,X,X,X,"146,68%","138,45%",X,X
745,S.O.S. Autósiskola Kft.,5942,-,X,"130,01%",-,-,X,"111,84%","107,95%"
746,S+V Oktató Kkt.,3572,-,X,-,X,"105,42%","110,19%",X,X
747,Safety Car Autósiskola,4113,X,X,X,X,-,"190,00%",X,X
748,Safety Car Autós-Motoros Iskola,4375,-,X,-,X,"135,11%",-,X,X
749,Safety Car BOZZAI Autósiskola KFT,3892,-,X,"148,93%",-,"145,75%","170,50%",X,X
750,Safety-Car Autósiskola,5562,X,X,X,X,X,X,X,X
751,Safety-Car Autósiskola,4950,X,X,X,X,X,-,X,X
752,Safety-Hungary Motoros Iskola,3891,X,X,"119,68%",-,-,-,X,X
753,Sáfrán Autósiskola Bt.,4227,X,X,X,X,-,X,X,X
754,SA-GO Autósiskola,6688,X,X,X,X,-,-,X,X
755,SALGÓ AUTÓ Autós és motoros iskola,5122,X,X,X,X,-,-,X,X
756,Sályi-Suli Autósiskola,6642,X,X,X,X,"161,16%","168,20%",X,X
757,"""SANSZ 90"" Kkt. Autósiskola",3678,-,X,-,-,"154,43%","159,11%","146,25%","132,59%"
758,Sárga Taxi Autós-Motoros Iskola,8064,X,X,X,X,-,X,X,X
759,Sarkadi Péter Autósiskola Bt.,0633,X,X,X,X,"176,34%","173,61%",X,X
760,Sass Autós-Motoros Iskola,7207,-,X,-,-,"148,73%","140,37%",-,"120,83%"
761,SB Driving Car Autós és Motoros Iskola,4246,X,X,-,X,-,-,X,X
762,SIKK 2004 Kft,0653,X,X,-,X,"113,55%","123,89%",X,X
763,SIKK Autósiskola,3241,X,X,X,X,-,-,-,"100,00%"
764,SIKKes Autósiskola,9932,X,X,X,X,-,-,X,X
765,SIMON Autósiskola,7950,X,X,X,X,-,-,X,X
766,SINKA AUTÓSISKOLA,4371,X,X,X,X,X,X,X,X
767,Siófoki Autósiskola Kft,4104,X,X,X,X,X,X,X,X
768,SIOMOTO Autósiskola,6461,X,X,X,X,"140,83%","149,73%",X,X
769,SIPI Kft.,0279,X,X,X,X,X,X,X,X
770,SK Bt.,5422,X,X,-,X,-,-,-,X
771,Smart Autósiskola,6922,X,X,X,X,-,-,X,X
772,SMART Autósiskola,7742,X,X,X,X,-,-,X,X
773,SMART Autósiskola és Felnőttképző,3867,X,X,X,X,-,-,X,X
774,Smile Drive Autósiskola,4423,X,X,X,X,X,-,X,X
775,SOFŐR Bt.,3285,X,X,X,X,"183,86%","176,21%",-,"103,13%"
776,Sofőr Leszek Kft.,4242,X,X,X,X,-,-,X,X
777,SofőrSuli 2008 Autósiskola,5583,-,X,-,X,"157,54%","171,70%",X,"159,38%"
778,SofőrSuli Autósiskola,4351,X,X,X,X,-,-,X,X
779,SofőrSuli Team Autósiskola,4239,X,X,X,X,X,X,X,X
780,Sógor József Autóskola,3446,X,X,X,X,"145,40%",-,X,X
781,SOMA Autósiskola,8784,X,X,X,X,X,X,X,X
782,Somogyi Csaba Sándor ev.,3932,X,X,X,X,-,-,X,X
783,Somos Autósiskola,3229,X,X,X,X,X,-,X,X
784,SOSjogsi Kft,5943,X,X,X,X,"149,18%","161,04%",X,X
785,SPEED-CAR Autósiskola,3353,X,X,X,X,"156,76%","142,93%","165,63%","148,21%"
786,Sprint Autósiskola,3717,X,X,X,X,"159,82%","170,84%",X,X
787,SPRINT Autósiskola,6562,X,X,X,X,-,-,X,X
788,SPRINT Kkt.,3296,X,X,X,X,-,-,X,X
789,Sprint Nacsa Autósiskola,3166,X,X,X,X,"168,97%",-,X,X
790,SPRINT-PLUSZ AUTÓSISKOLA,9240,X,X,X,X,"201,77%","195,96%",X,X
791,Spuri Suli,4047,X,X,-,X,-,"137,59%",X,X
792,SPURI-SULI Autósiskola,0624,-,-,"114,76%",-,"177,19%","172,82%",X,X
793,STAR CARS Autósiskola,4108,X,X,-,X,-,-,X,X
794,Start Autósiskola,3711,X,X,X,X,"166,38%","159,59%",X,X
795,Start Autósiskola,4153,X,X,X,X,-,-,X,X
796,START AUTÓS-MOTOROS ISKOLA Kft.,0049,X,X,X,X,"132,76%","137,68%",X,X
797,Start Jogsi Bt.,0616,X,X,-,X,"122,78%","124,01%","102,50%","100,00%"
798,Start Oktatási Kft,3863,-,X,-,X,"201,04%","186,69%","114,77%","103,91%"
799,Startsuli 2020 Autósiskola,3938,X,X,X,X,-,-,X,X
800,STARTSULI Autósiskola,7700,X,X,X,X,-,-,X,X
801,Stefi Magán Autósiskola,0285,X,X,X,X,-,X,X,X
802,STEFI-CAR KFT,6923,X,X,X,X,"134,83%","145,17%",X,X
803,STIFT Autósiskola,3344,X,X,X,X,"182,15%","187,93%",X,X
804,STOP autós Suli,5522,-,X,-,X,"132,99%","139,57%",X,X
805,Stop Autós- suli Kft.,3012,X,X,X,X,-,-,X,X
806,"""Stop"" Autósiskola",3716,X,X,X,X,"105,91%","100,00%",X,X
807,STOP Autósiskola ec.,0642,-,X,-,X,"150,60%","139,43%",X,X
808,STOP Autósiskola Oláh János,3161,X,X,X,X,-,-,X,X
809,STOP Autós-Motoros iskola,3355,X,X,-,X,"157,51%","172,04%",X,X
810,STOP Bt.,3283,"160,83%",X,"202,88%",X,"211,49%","243,46%",X,X
811,STOP Unger Autósiskola,3368,X,X,X,X,"160,28%","177,59%","110,71%","109,38%"
812,Stop-Autósiskola,4034,X,X,X,X,"166,31%",-,X,X
813,Stop-Autósiskola,4200,X,X,X,X,-,X,X,X
814,STOP-Kovács Autósiskola,3599,-,X,-,X,"137,79%","135,17%",X,X
815,STOP-START Autósiskola,7042,-,X,X,X,"145,79%",-,X,-
816,Stubán Autósiskola,7822,-,X,"152,88%",X,"127,59%","155,44%",X,X
817,STUDENT AUTÓSISKOLA,3676,X,X,X,X,-,-,X,X
818,Süveg Autósiskola,3569,-,X,-,X,"119,54%","129,89%",X,X
819,SÜVEGES KFT.,3126,-,X,-,X,"165,39%","165,86%","125,00%","127,34%"
820,SVENCI Bt.,0511,X,X,X,X,X,X,X,X
821,Szabisuli Autósiskola,4321,X,X,X,X,X,X,X,X
822,SzabiSuli Autósiskola,4951,X,X,-,X,X,-,X,X
823,Szabó Autójavító Kft.,6202,X,X,X,X,-,-,X,X
824,SZABÓ ERNŐ DBK AUTÓSISKOLA,7004,X,X,X,X,"130,75%",-,X,X
825,Szabó Imre Autósiskola,4129,X,X,X,X,-,-,X,X
826,Szabó Szilveszter e.v.,0289,X,X,X,X,-,-,X,X
827,Szabó Zoltánné e.v.,0290,X,X,X,X,X,-,X,X
828,Szakál Sándor Autós Motoros Iskola,3445,X,X,X,X,-,-,X,X
829,Szalay Autós Iskola Kft.,0158,-,X,-,X,"119,31%","127,96%",X,"159,38%"
830,Szalka Autósiskola,4069,X,X,X,X,-,-,X,X
831,SZATMÁR 97 Bt. Autósiskola,3656,X,X,X,X,-,-,X,X
832,Szatmáry Anett Autósiskola,3935,X,X,X,X,X,X,X,X
833,Szegedi TÓTH-AUTÓ Kft.,3300,-,X,-,X,"221,85%","245,55%",X,X
834,Szegedjogsi Autósiskola,4206,-,X,X,X,-,"295,52%",X,X
835,SZEGEDKORREKT Autósiskola,3305,X,X,X,X,-,-,X,-
836,Szekeres Autósiskola,3722,X,X,X,X,-,-,X,X
837,SZEKÉRSULI,5000,X,X,X,X,"169,08%",-,X,X
838,SZEMI AUTÓS-MOTOROS ISKOLA,7804,-,X,-,X,"143,10%",-,"181,25%","133,33%"
839,Szendi Autósiskola,3242,X,X,X,X,-,-,X,X
840,Szent Imre Autósiskola,6711,-,X,-,X,"119,07%","127,74%","108,33%","103,13%"
841,Szentannai Református Középiskola,3705,X,X,X,X,-,-,X,X
842,Szép Adrián Autósiskola KFT,9042,X,X,-,X,"122,26%","114,86%",X,X
843,Szeredi Magán Autósiskola,4382,X,X,X,X,-,-,X,X
844,Szerpentin Autósiskola,8249,X,X,X,X,X,X,X,X
845,Szerpentin Autóssuli,4402,X,X,X,X,-,-,X,X
846,SZERVIZ Oktatási Központ Kft.,9957,X,X,X,X,-,-,X,X
847,SZERVO - LUX MAGÁN AUTÓSISKOLA,3125,X,X,X,X,-,-,X,X
848,SZERVÓ Autósiskola,3697,-,X,-,X,"142,00%","138,34%",X,X
849,SZERVO-91 ec.,3347,-,X,-,X,"175,70%","164,32%",X,X
850,SZE-SIM TEAM Bt.,9976,X,X,X,X,-,-,-,X
851,SZFINX,3342,X,X,X,X,"187,84%","186,90%",-,"112,50%"
852,Sziget Autósiskola,3015,-,X,"131,12%",-,"187,22%","189,66%","141,54%","116,67%"
853,SZIKLAI Autósiskola,3400,-,X,-,X,"173,25%","160,96%",X,X
854,Szilágyi Autósiskola,6502,X,X,X,X,"244,25%","175,07%",X,X
855,SZILVIA Autósiskola,6072,-,X,-,X,"131,23%","135,25%",X,-
856,Szinkron Autósiskola,3548,X,X,X,X,"158,97%",-,X,X
857,SZINT Autósiskola,3549,-,X,-,X,"234,87%","217,03%",X,X
858,"SZI-TI 97"" Bt.",3343,-,X,-,X,"171,16%","174,78%",X,X
859,Szolnoki 1. sz. Autósiskola Kkt,3730,X,X,X,X,-,"137,30%",X,X
860,Szombat Autósiskola,3975,X,X,X,X,-,-,X,X
861,SZREMKÓ AUTÓSISKOLA,3095,X,X,X,X,"120,11%","139,08%",X,X
862,SZTÁR Autósiskola Bt,9183,X,X,X,X,-,X,X,X
863,SZTÁR Autósiskola KKT.,3688,-,-,-,X,"128,45%","135,41%",X,X
864,Sztráda 11 Autósiskola,3734,-,X,-,X,"128,53%",-,"134,62%","100,00%"
865,Szuper Jogsi Autósiskola,9999,X,X,X,X,"157,24%","163,93%",X,X
866,Szurdoki Bt.,3553,X,X,X,X,-,-,X,X
867,Szücs Autósiskola,3943,X,X,X,X,-,-,X,X
868,Szűcs István Autósiskola Esztergom,4370,X,X,X,X,-,-,X,X
869,SZÜCSI SULI KFT.,9026,X,X,X,X,"140,41%","150,26%",-,"100,00%"
870,TAKI Autósiskola,8182,X,X,X,X,X,X,X,X
871,TALENT Autósiskola,4023,X,X,X,X,-,-,"150,00%","120,83%"
872,Talento Magániskola,3215,X,X,X,X,"161,15%","199,08%",X,X
873,Talentum Autósiskola,9422,X,X,X,X,"190,80%","210,34%",X,X
874,Táltos Autósiskola,0627,X,X,X,X,"207,82%",-,X,X
875,TAMOTA AUTÓSISKOLA,7235,X,X,X,X,-,-,X,X
876,Tandem Autósiskola,3870,X,X,X,X,"127,22%","128,95%",X,X
877,TANGO PROJEKT Autósiskola,6359,X,X,X,X,-,-,X,X
878,Taní-Tani Autós és Motoros Iskola,6903,X,X,X,X,-,-,X,X
879,TAR Autósiskola,7422,X,X,X,X,-,-,X,X
880,TÁRNAI AUTÓSISKOLA,7702,"101,33%",X,"189,18%",-,"131,80%","129,28%","187,50%","127,08%"
881,TARZICIUSZ Kft.,0613,X,X,X,X,"128,05%",-,X,-
882,T-Cross Autósiskola,4230,X,X,X,X,"150,47%",-,X,X
883,Technika Kft. VALÓS!!!!,3842,-,X,"140,52%",X,"180,23%","176,31%","118,23%","105,56%"
884,TED Autósiskola Kft.,4059,-,X,X,X,-,X,X,X
885,Telezöld Autósiskola,4041,-,X,-,-,-,-,-,X
886,Telezöld-28 Kft.,4007,-,X,-,X,-,-,X,X
887,Tempó Autó KKT.,3809,X,X,X,X,-,-,X,X
888,Tempo Autósiskola,4168,X,X,X,X,"136,21%","136,55%",X,X
889,Tempó Autósiskola,3232,X,X,X,X,-,-,X,X
890,TEMPÓ AUTÓSISKOLA,4219,X,X,X,X,"153,45%",X,X,X
891,Tempomat Autósiskola,4175,X,X,X,X,-,-,X,X
892,TERJÉK Autósiskola,9967,X,X,X,X,"189,66%",-,-,-
893,T-FÜREDI AUTÓSISKOLA,7208,X,X,X,X,"140,73%","131,90%",X,X
894,Thekla Autósiskola,4318,X,X,X,X,-,-,X,X
895,THERMAL AUTÓSISKOLA,8981,X,X,X,X,-,-,X,X
896,Thermál AUTÓSISKOLA Kft.,3160,X,X,X,X,"189,11%","150,34%",X,X
897,Tibi Suli,4006,X,X,X,X,X,X,"181,25%","186,25%"
898,Tibilux Kft.,4166,X,X,X,X,X,X,X,X
899,TIGRIS-T Kft.,0482,X,X,X,X,"140,47%","146,15%",X,X
900,TIMA TANODA,7210,X,X,X,X,"139,76%","125,06%",X,X
901,Timár Autósiskola,4142,X,X,X,X,-,-,X,X
902,Tip-top Autósiskola,3237,X,X,X,X,"126,77%","127,59%",X,X
903,TIR-SULI Autósiskola Kft.,8864,-,-,-,X,"131,77%","143,59%",X,"117,50%"
904,TNG Autósiskola,4126,X,X,-,X,-,-,X,X
905,Tóbi - Ász Autósiskola,3917,X,X,X,X,-,-,X,X
906,TÓBIÁS Autósiskola,3908,-,X,-,X,-,-,X,X
907,Tokaji Mezőgazdasági SZKI,3212,X,X,X,X,-,-,X,X
908,TOLDI Autós-Motoros Iskola,3785,-,X,-,X,"168,10%","172,91%",X,X
909,Toldi Motoros Iskola,4949,X,X,X,X,X,-,X,X
910,TomiSuli Autósiskola,4346,X,X,X,X,-,-,X,X
911,TOP SPEED AUTÓSISKOLA,4408,X,X,X,X,X,-,X,X
912,TOP-CAR Autósiskola,5511,X,X,X,X,-,-,X,X
913,TOPI Autósiskola,0152,-,X,X,X,"129,76%","127,06%",X,X
914,TOPIDO Kft.,3783,-,X,-,X,"150,43%","160,82%","137,50%","104,17%"
915,TOP-TRAINING Kft.,3976,-,X,-,X,"128,24%","141,98%",X,X
916,TOTÁL Autósiskola,3276,X,X,-,X,"150,00%",-,X,X
917,Tóth Autósiskola,3895,X,X,X,X,-,-,X,X
918,Tóth Autósiskola Bt.,3224,X,X,-,X,"164,52%","188,54%",X,X
919,"Tóth J-né Autósiskola ""Ágisuli""",0432,X,X,X,X,-,-,X,X
920,Tóth Zoltán Ferenc e.v.,0310,X,X,X,X,-,"173,79%",X,X
921,TÓTH-TANODA Bt.,0208,X,X,-,X,"126,44%","131,95%",X,X
922,Több mint Jogsi Autósiskola,4312,X,X,X,X,X,-,X,X
923,TÖRÖK Autósiskola,3608,X,X,X,X,"108,46%",-,X,X
924,Török Autósiskola,3880,X,X,X,X,"132,24%","139,76%","106,25%","110,42%"
925,Trailer Autósiskola,3707,X,X,X,X,X,X,"108,33%","114,29%"
926,T-REÁL Autósiskola,8222,X,X,X,X,"117,24%",-,X,X
927,TREND Autósiskola Mór,3327,X,X,X,X,-,-,X,X
928,TRIÓ AUTÓSISKOLA KFT,8230,X,X,X,X,"157,24%",-,X,X
929,TURBÓ Kft.,3798,X,X,X,X,"171,53%","159,61%",-,-
930,Turbo 2001 Autósiskola Kft,3356,X,X,X,X,-,"136,34%",X,X
931,Turbó Autósiskola,3763,-,X,-,X,-,"156,65%",X,X
932,TURBÓ Autósiskola Kft. (30-620-5747),3309,-,X,-,-,"154,21%","150,63%",X,X
933,Turbócsiga Autósiskola,3251,X,X,X,X,-,-,X,X
934,TURBOSULI AUTÓSISKOLA,8408,X,X,X,X,-,-,X,X
935,TURUL Autósiskola,6410,X,X,X,X,"193,83%","147,36%",X,X
936,TUTI Autósiskola,3924,X,X,X,X,-,-,X,X
937,"TUTI MOTOROS-, AUTÓSISKOLA Kft.",6945,-,X,-,X,"192,80%","199,36%",X,X
938,TUTI-SULI Autósiskola,8329,X,X,X,X,-,-,X,X
939,TÜKE Autósiskola,7403,X,X,X,X,-,-,X,X
940,TÜRELEM Autósiskola,7487,X,X,X,X,-,X,X,X
941,Türelmes Autósiskola Oktató Bt.,3819,X,X,X,X,-,-,X,X
942,UFO Autósiskola,6592,X,X,X,X,X,X,X,X
943,UFO Autósiskola Kft,3894,-,X,X,X,"183,68%","196,70%",X,X
944,ÚJ- ATI Kft.,0315,X,X,X,X,-,-,-,X
945,Új Corsa Autósiskola,6402,-,X,X,X,"144,68%","155,98%",X,X
946,Új Vonal Autósiskola,7962,X,X,X,X,-,-,X,X
947,Ujj Béla Autósiskola,4174,X,X,X,X,-,-,X,X
948,Újpest Autósiskola,0474,X,X,X,X,"161,47%","161,37%",X,X
949,ÚJ-VAN+ Autósiskola,3044,X,X,X,X,"199,73%","210,34%",X,X
950,Ujváry Autós Magániskola,3244,X,X,X,X,"149,18%","134,48%",X,X
951,Ungvári Autósiskola,3442,X,X,X,X,-,-,X,X
952,Uni-Autósiskola,5962,-,X,X,X,"175,92%","173,33%",X,X
953,UNO Autós Magániskola,3354,X,X,X,X,"126,55%",-,X,X
954,ÚTRAVALÓ Autósiskola,6002,-,X,-,X,"159,69%","167,27%",X,X
955,V. ATI Bt.,0100,X,X,X,X,"132,61%","117,93%",X,X
956,V.I.P. Autósiskola,7405,X,X,-,X,-,"170,82%",X,X
957,VAN+ Akadémia Autósiskola,3040,X,X,X,X,-,-,X,X
958,VANCSURA AUTÓSISKOLA,9109,X,X,X,X,"145,57%","133,94%",X,X
959,Vancsura Autósiskola2,3933,-,X,-,X,-,X,X,X
960,Vándor Autósiskola,3369,X,X,X,X,X,X,X,X
961,VantaBlack,3884,-,X,X,X,X,X,X,X
962,Váradi Autósiskola,4205,X,X,X,X,-,-,X,X
963,Várda Autósiskola KFT.,3653,X,X,X,X,"152,81%","146,13%",X,X
964,Varga Attila Autósiskola,0058,-,X,X,X,-,-,X,X
965,Varga Autósiskola,8082,X,X,X,X,"132,11%","113,10%",X,X
966,Varga Autós-Motoros Iskola Kft,3919,X,X,X,X,"158,17%","156,81%",X,X
967,VARGA MIKLÓS AUTÓSISKOLA Kft.,5822,X,X,-,-,"205,46%","174,14%","137,50%","168,75%"
968,VARGAKORREKT Autósiskola,7302,X,X,X,X,"241,72%",-,X,X
969,Vasi ATI Kft.,3791,-,X,-,X,"132,92%","151,72%",-,"116,25%"
970,Veled Vezetünk Autósiskola,4300,X,X,X,X,-,-,X,X
971,Velem Vezess Autósiskola,4958,X,X,X,X,X,-,X,X
972,VERDA Autósiskola Kft.,0622,X,X,X,X,"132,76%","121,00%","167,19%",-
973,Veres István magánoktató,3714,X,X,X,X,-,X,X,X
974,Veres Pál ev.,9974,X,X,X,X,-,-,X,X
975,Vértes Autósiskola Kft.,3325,-,X,-,X,"193,20%","173,81%",X,X
976,Veszprém Autós-Motoros Iskola Kft.,3839,-,X,-,X,"181,92%","171,08%","113,75%","112,50%"
977,VEZESS VELÜNK AUTÓSISKOLA (NYT:9938),9938,X,X,X,X,"121,75%","117,82%",X,X
978,Vezető Autós-Motoros Iskola,4172,X,X,"145,42%",X,-,"157,47%",X,X
979,VEZETŐSULI Kft.,4118,X,X,X,X,-,-,-,-
980,Vicai Edina egyéni vállalkozó,6782,X,X,X,X,-,"114,48%",X,X
981,Vida Autósiskola,3438,X,X,-,X,"203,20%","212,81%",X,X
982,Viktoriusz Autósiskola,4313,X,X,X,X,X,-,X,X
983,VILLÁM JOGSI Kft. Autósiskola,6243,-,X,"128,99%",-,"183,19%","160,80%",X,X
984,VIP CAR Autósiskola Kft,3901,-,X,-,X,"175,60%","165,83%",X,X
985,VLADÁR Autósiskola,3514,X,X,-,X,"223,97%","204,70%",X,X
986,V-motor Autósiskola,7602,-,X,X,X,-,-,X,X
987,VOKSH Oktatási Kft,3845,X,X,X,X,"139,83%","158,08%","127,27%","113,39%"
988,VOLÁN Autósiskola,9985,X,X,X,X,"156,11%","158,09%","145,00%","111,25%"
989,VolánSuli Bt.,3133,-,-,-,X,"115,09%","143,81%",-,-
990,Waberer's Autósiskola,3873,X,X,X,X,X,X,"126,56%","110,00%"
991,WEBJOGSI KMR AUTÓSISKOLA,9343,-,X,"125,06%",X,"173,35%","175,96%",X,X
992,WGa Autósiskola,4146,X,X,X,X,-,"113,79%",X,X
993,X-CAR Kft.,7722,X,X,X,X,-,-,X,X
994,X-CLASS Kft.,5662,X,X,X,X,-,-,-,-
995,Zabszem Jogsi,4191,X,X,X,X,-,-,X,X
996,Zágonyi Autósiskola,3441,X,X,X,X,-,-,X,X
997,Zágonyi+ Autósiskola,4061,-,X,X,X,X,-,X,X
998,Zebra Autósiskola,3679,X,X,X,X,"173,28%","150,25%",X,X
999,Zebra Jogsi,1122,X,X,-,X,"173,94%","174,52%",X,X
1000,ZEBRA Ostyánszki Autósiskola,3022,X,X,X,X,-,-,X,X
1001,ZEMPLÉN-ATI Kft. Autósiskola,7311,X,X,-,X,"142,91%","140,09%",X,X
1002,Zempléni Autósiskola és Motorosképző Kft.,3996,X,X,X,X,-,"119,44%",X,X
1003,Zengő Autósiskola,3018,X,X,X,X,-,-,X,X
1004,Zi-Ti Kft.,0661,-,X,-,X,-,"118,50%",X,-
1005,Zolnai Autós-Motoros Iskola,5483,X,X,X,X,-,-,X,X
1006,ZÓNA Autósiskola,5763,X,X,X,X,"141,15%",-,X,X
1007,ZOOM AUTÓSISKOLA,9025,X,X,"104,44%",X,-,-,-,"147,50%"
1008,Zoom Felnőttképző és Autósiskola Kft.,4024,X,X,X,X,"161,99%","175,48%",X,X
1009,Zrínyi Autósiskola,3014,X,X,-,X,"212,54%",-,X,X
1010,ZS&M+K Autósiskola Bt.,5502,X,X,X,X,"162,31%","167,32%",X,X
1011,Zselic Autósiskola Bt.,3633,X,X,X,X,"145,77%","213,79%",X,X
1012,Zsikla Bt.,3542,-,X,-,-,"129,00%","117,24%","118,75%","118,75%"
